participant_id	ABIS_q1	ABIS_q2	ABIS_q3	ABIS_q4	ABIS_q5	ABIS_q6	ABIS_q7	ABIS_q8	ABIS_q9	ABIS_q10	ABIS_q11	ABIS_q12	ABIS_q13
sub-001	4.000000	4.000000	2.000000	2.000000	3.000000	2.000000	3.000000	2.000000	1.000000	1.000000	3.000000	3.000000	3.000000
sub-002	3.000000	2.000000	3.000000	2.000000	2.000000	3.000000	3.000000	2.000000	3.000000	2.000000	2.000000	2.000000	4.000000
sub-003	4.000000	4.000000	1.000000	4.000000	3.000000	1.000000	4.000000	1.000000	1.000000	1.000000	4.000000	4.000000	4.000000
sub-004	4.000000	4.000000	2.000000	4.000000	4.000000	2.000000	4.000000	2.000000	1.000000	2.000000	3.000000	3.000000	3.000000
sub-005	3.000000	4.000000	3.000000	4.000000	4.000000	2.000000	3.000000	2.000000	1.000000	2.000000	4.000000	3.000000	3.000000
sub-006	3.000000	3.000000	1.000000	3.000000	3.000000	1.000000	3.000000	1.000000	1.000000	1.000000	3.000000	3.000000	3.000000
sub-007	4.000000	4.000000	1.000000	2.000000	2.000000	1.000000	3.000000	1.000000	1.000000	1.000000	4.000000	3.000000	2.000000
sub-008	3.000000	3.000000	2.000000	1.000000	3.000000	2.000000	3.000000	2.000000	4.000000	2.000000	2.000000	3.000000	3.000000
sub-009	4.000000	4.000000	2.000000	3.000000	4.000000	2.000000	3.000000	2.000000	1.000000	2.000000	3.000000	3.000000	3.000000
sub-010	3.000000	2.000000	1.000000	1.000000	1.000000	2.000000	1.000000	1.000000	1.000000	1.000000	3.000000	2.000000	1.000000
sub-011	3.000000	3.000000	1.000000	3.000000	2.000000	2.000000	4.000000	1.000000	1.000000	1.000000	2.000000	3.000000	2.000000
sub-012	3.000000	4.000000	2.000000	1.000000	3.000000	2.000000	3.000000	2.000000	2.000000	2.000000	3.000000	3.000000	4.000000
sub-013	4.000000	4.000000	2.000000	3.000000	3.000000	1.000000	3.000000	1.000000	1.000000	1.000000	4.000000	4.000000	4.000000
sub-014	4.000000	4.000000	2.000000	3.000000	3.000000	1.000000	4.000000	1.000000	2.000000	1.000000	4.000000	4.000000	3.000000
sub-015	3.000000	3.000000	2.000000	2.000000	2.000000	2.000000	3.000000	2.000000	2.000000	2.000000	3.000000	3.000000	2.000000
sub-016	4.000000	3.000000	2.000000	2.000000	4.000000	2.000000	4.000000	1.000000	1.000000	2.000000	3.000000	2.000000	4.000000
sub-017	2.000000	1.000000	2.000000	2.000000	2.000000	2.000000	3.000000	3.000000	2.000000	2.000000	2.000000	2.000000	3.000000
sub-018	4.000000	3.000000	1.000000	4.000000	2.000000	1.000000	4.000000	1.000000	1.000000	2.000000	3.000000	4.000000	3.000000
sub-019	3.000000	3.000000	2.000000	2.000000	2.000000	2.000000	3.000000	1.000000	1.000000	1.000000	3.000000	3.000000	3.000000
sub-020	3.000000	3.000000	2.000000	3.000000	4.000000	1.000000	3.000000	1.000000	2.000000	1.000000	2.000000	3.000000	2.000000
sub-021	3.000000	4.000000	3.000000	2.000000	4.000000	2.000000	4.000000	3.000000	2.000000	2.000000	3.000000	3.000000	2.000000
sub-022	3.000000	4.000000	3.000000	3.000000	4.000000	3.000000	3.000000	4.000000	1.000000	3.000000	3.000000	3.000000	3.000000
sub-023	3.000000	4.000000	1.000000	3.000000	3.000000	1.000000	3.000000	1.000000	1.000000	1.000000	4.000000	3.000000	4.000000
sub-024	1.000000	1.000000	4.000000	3.000000	1.000000	1.000000	1.000000	1.000000	4.000000	1.000000	3.000000	1.000000	1.000000
sub-025	2.000000	2.000000	2.000000	2.000000	2.000000	2.000000	2.000000	2.000000	2.000000	2.000000	2.000000	2.000000	2.000000
sub-026	2.000000	3.000000	3.000000	2.000000	2.000000	2.000000	1.000000	1.000000	1.000000	3.000000	3.000000	2.000000	1.000000
sub-027	4.000000	4.000000	1.000000	4.000000	4.000000	2.000000	4.000000	2.000000	1.000000	1.000000	4.000000	4.000000	4.000000
sub-028	4.000000	4.000000	4.000000	4.000000	2.000000	1.000000	4.000000	4.000000	1.000000	4.000000	2.000000	3.000000	3.000000
sub-029	3.000000	3.000000	2.000000	3.000000	3.000000	2.000000	3.000000	2.000000	2.000000	2.000000	3.000000	3.000000	3.000000
sub-030	4.000000	4.000000	1.000000	4.000000	4.000000	1.000000	2.000000	2.000000	1.000000	2.000000	4.000000	4.000000	4.000000
sub-031	3.000000	3.000000	1.000000	3.000000	3.000000	2.000000	3.000000	1.000000	1.000000	1.000000	3.000000	3.000000	3.000000
sub-032	4.000000	4.000000	2.000000	4.000000	4.000000	1.000000	4.000000	2.000000	2.000000	4.000000	4.000000	4.000000	3.000000
sub-033	3.000000	2.000000	1.000000	3.000000	2.000000	1.000000	3.000000	2.000000	2.000000	2.000000	4.000000	3.000000	4.000000
sub-034	2.000000	2.000000	2.000000	2.000000	2.000000	2.000000	3.000000	4.000000	2.000000	4.000000	2.000000	2.000000	1.000000
sub-035	2.000000	2.000000	3.000000	1.000000	1.000000	3.000000	2.000000	1.000000	2.000000	2.000000	1.000000	1.000000	1.000000
sub-036	3.000000	4.000000	1.000000	3.000000	4.000000	1.000000	3.000000	2.000000	1.000000	2.000000	3.000000	4.000000	3.000000
sub-037	2.000000	2.000000	2.000000	1.000000	1.000000	2.000000	4.000000	2.000000	2.000000	2.000000	3.000000	2.000000	2.000000
sub-038	3.000000	4.000000	2.000000	4.000000	3.000000	4.000000	3.000000	1.000000	2.000000	2.000000	1.000000	3.000000	2.000000
sub-039	1.000000	1.000000	2.000000	2.000000	2.000000	2.000000	2.000000	1.000000	2.000000	2.000000	2.000000	2.000000	2.000000
sub-040	4.000000	4.000000	2.000000	4.000000	4.000000	2.000000	4.000000	2.000000	1.000000	2.000000	4.000000	4.000000	4.000000
sub-041	3.000000	2.000000	3.000000	2.000000	2.000000	2.000000	2.000000	2.000000	1.000000	2.000000	2.000000	2.000000	1.000000
sub-042	3.000000	2.000000	2.000000	2.000000	3.000000	2.000000	3.000000	2.000000	2.000000	2.000000	3.000000	3.000000	2.000000
sub-043	4.000000	2.000000	2.000000	1.000000	3.000000	2.000000	3.000000	3.000000	2.000000	2.000000	3.000000	3.000000	3.000000
sub-044	4.000000	3.000000	2.000000	3.000000	4.000000	2.000000	3.000000	3.000000	2.000000	2.000000	3.000000	3.000000	3.000000
sub-045	2.000000	4.000000	1.000000	1.000000	1.000000	1.000000	1.000000	4.000000	3.000000	1.000000	4.000000	3.000000	4.000000
sub-046	3.000000	2.000000	1.000000	3.000000	3.000000	2.000000	3.000000	1.000000	1.000000	2.000000	3.000000	3.000000	2.000000
sub-047	2.000000	1.000000	1.000000	3.000000	3.000000	1.000000	4.000000	4.000000	1.000000	1.000000	3.000000	3.000000	3.000000
sub-048	3.000000	4.000000	3.000000	2.000000	2.000000	2.000000	3.000000	2.000000	2.000000	3.000000	2.000000	3.000000	3.000000
sub-049	3.000000	2.000000	4.000000	1.000000	2.000000	2.000000	3.000000	3.000000	2.000000	3.000000	3.000000	4.000000	4.000000
sub-050	2.000000	2.000000	2.000000	2.000000	2.000000	2.000000	2.000000	2.000000	2.000000	2.000000	2.000000	2.000000	2.000000
sub-051	2.000000	2.000000	2.000000	2.000000	1.000000	2.000000	2.000000	2.000000	2.000000	2.000000	2.000000	2.000000	2.000000
sub-052	3.000000	3.000000	1.000000	4.000000	3.000000	2.000000	3.000000	2.000000	1.000000	2.000000	3.000000	4.000000	3.000000
sub-053	3.000000	4.000000	3.000000	3.000000	2.000000	2.000000	3.000000	4.000000	1.000000	2.000000	2.000000	3.000000	3.000000
sub-054	4.000000	3.000000	3.000000	4.000000	3.000000	3.000000	3.000000	3.000000	4.000000	3.000000	3.000000	4.000000	2.000000
sub-055	2.000000	2.000000	3.000000	1.000000	2.000000	2.000000	2.000000	2.000000	2.000000	2.000000	2.000000	2.000000	2.000000
sub-056	4.000000	4.000000	4.000000	4.000000	4.000000	3.000000	4.000000	4.000000	1.000000	3.000000	4.000000	4.000000	4.000000
sub-057	3.000000	2.000000	4.000000	2.000000	4.000000	2.000000	2.000000	1.000000	2.000000	1.000000	2.000000	2.000000	3.000000
sub-058	1.000000	3.000000	2.000000	2.000000	3.000000	3.000000	2.000000	3.000000	2.000000	3.000000	3.000000	3.000000	1.000000
sub-059	4.000000	3.000000	3.000000	3.000000	2.000000	2.000000	3.000000	3.000000	2.000000	2.000000	1.000000	3.000000	4.000000
sub-060	4.000000	4.000000	1.000000	3.000000	4.000000	1.000000	3.000000	1.000000	1.000000	1.000000	4.000000	4.000000	4.000000
sub-061	4.000000	3.000000	2.000000	2.000000	2.000000	2.000000	2.000000	2.000000	3.000000	2.000000	3.000000	3.000000	3.000000
sub-062	3.000000	2.000000	2.000000	3.000000	2.000000	2.000000	3.000000	2.000000	2.000000	2.000000	3.000000	3.000000	3.000000
sub-063	3.000000	4.000000	1.000000	2.000000	3.000000	2.000000	3.000000	1.000000	1.000000	1.000000	3.000000	3.000000	3.000000
sub-064	3.000000	2.000000	1.000000	3.000000	1.000000	1.000000	3.000000	2.000000	1.000000	2.000000	3.000000	3.000000	1.000000
sub-065	3.000000	4.000000	2.000000	3.000000	4.000000	3.000000	3.000000	1.000000	1.000000	2.000000	3.000000	3.000000	3.000000
sub-066	3.000000	2.000000	1.000000	2.000000	3.000000	2.000000	2.000000	3.000000	2.000000	2.000000	3.000000	3.000000	3.000000
sub-067	3.000000	3.000000	2.000000	3.000000	3.000000	1.000000	3.000000	1.000000	1.000000	2.000000	3.000000	3.000000	3.000000
sub-068	3.000000	4.000000	1.000000	3.000000	4.000000	1.000000	4.000000	2.000000	1.000000	1.000000	4.000000	4.000000	3.000000
sub-069	3.000000	2.000000	2.000000	2.000000	3.000000	2.000000	3.000000	2.000000	2.000000	2.000000	2.000000	2.000000	3.000000
sub-070	3.000000	1.000000	1.000000	1.000000	1.000000	1.000000	1.000000	1.000000	3.000000	1.000000	4.000000	1.000000	1.000000
sub-071	3.000000	3.000000	2.000000	2.000000	2.000000	1.000000	3.000000	2.000000	2.000000	1.000000	3.000000	3.000000	2.000000
sub-072	4.000000	4.000000	4.000000	3.000000	3.000000	2.000000	4.000000	2.000000	1.000000	2.000000	4.000000	4.000000	4.000000
sub-073	4.000000	3.000000	2.000000	3.000000	4.000000	2.000000	4.000000	2.000000	2.000000	2.000000	3.000000	3.000000	4.000000
sub-074	4.000000	3.000000	2.000000	3.000000	3.000000	1.000000	3.000000	2.000000	2.000000	1.000000	3.000000	3.000000	3.000000
sub-075	3.000000	3.000000	2.000000	3.000000	3.000000	2.000000	3.000000	2.000000	2.000000	2.000000	3.000000	3.000000	4.000000
sub-076	1.000000	3.000000	2.000000	4.000000	2.000000	3.000000	1.000000	2.000000	3.000000	1.000000	4.000000	4.000000	2.000000
sub-077	4.000000	4.000000	4.000000	3.000000	2.000000	4.000000	4.000000	3.000000	1.000000	1.000000	4.000000	3.000000	4.000000
sub-078	4.000000	4.000000	1.000000	2.000000	3.000000	1.000000	4.000000	1.000000	2.000000	1.000000	4.000000	2.000000	4.000000
sub-079	3.000000	4.000000	2.000000	2.000000	1.000000	2.000000	2.000000	1.000000	2.000000	2.000000	4.000000	2.000000	3.000000
sub-080	4.000000	4.000000	2.000000	3.000000	4.000000	1.000000	3.000000	2.000000	2.000000	2.000000	3.000000	3.000000	4.000000
sub-081	4.000000	4.000000	1.000000	1.000000	4.000000	1.000000	4.000000	2.000000	1.000000	2.000000	4.000000	4.000000	4.000000
sub-082	2.000000	3.000000	2.000000	2.000000	1.000000	1.000000	3.000000	1.000000	1.000000	1.000000	3.000000	3.000000	3.000000
sub-083	3.000000	4.000000	4.000000	2.000000	3.000000	1.000000	3.000000	3.000000	1.000000	3.000000	3.000000	4.000000	4.000000
sub-084	3.000000	3.000000	3.000000	3.000000	3.000000	3.000000	3.000000	2.000000	2.000000	3.000000	3.000000	3.000000	3.000000
sub-085	4.000000	3.000000	2.000000	1.000000	2.000000	2.000000	3.000000	1.000000	2.000000	2.000000	3.000000	2.000000	4.000000
sub-086	4.000000	4.000000	2.000000	4.000000	4.000000	1.000000	4.000000	1.000000	1.000000	2.000000	4.000000	4.000000	4.000000
sub-087	4.000000	4.000000	1.000000	4.000000	4.000000	1.000000	4.000000	1.000000	1.000000	1.000000	4.000000	4.000000	4.000000
sub-088	4.000000	3.000000	2.000000	4.000000	4.000000	2.000000	4.000000	1.000000	1.000000	2.000000	4.000000	4.000000	4.000000
sub-089	2.000000	1.000000	3.000000	2.000000	2.000000	1.000000	2.000000	2.000000	3.000000	1.000000	2.000000	2.000000	3.000000
sub-090	3.000000	3.000000	1.000000	2.000000	2.000000	1.000000	3.000000	2.000000	1.000000	1.000000	4.000000	4.000000	4.000000
sub-091	2.000000	2.000000	2.000000	2.000000	2.000000	2.000000	2.000000	2.000000	2.000000	2.000000	2.000000	2.000000	2.000000
sub-092	4.000000	4.000000	2.000000	3.000000	3.000000	2.000000	3.000000	2.000000	1.000000	2.000000	4.000000	4.000000	4.000000
sub-093	4.000000	4.000000	2.000000	4.000000	4.000000	2.000000	4.000000	3.000000	2.000000	2.000000	4.000000	4.000000	4.000000
sub-094	3.000000	2.000000	2.000000	2.000000	3.000000	3.000000	4.000000	4.000000	4.000000	3.000000	3.000000	1.000000	3.000000
sub-095	3.000000	3.000000	1.000000	1.000000	1.000000	3.000000	4.000000	1.000000	1.000000	1.000000	3.000000	3.000000	2.000000
sub-096	3.000000	4.000000	2.000000	3.000000	4.000000	2.000000	1.000000	3.000000	1.000000	2.000000	3.000000	3.000000	3.000000
sub-097	3.000000	3.000000	3.000000	2.000000	1.000000	2.000000	2.000000	2.000000	4.000000	2.000000	2.000000	2.000000	1.000000
sub-098	3.000000	2.000000	2.000000	1.000000	3.000000	2.000000	3.000000	2.000000	3.000000	2.000000	1.000000	3.000000	4.000000
sub-099	3.000000	2.000000	2.000000	3.000000	3.000000	2.000000	3.000000	1.000000	1.000000	2.000000	3.000000	4.000000	3.000000
sub-100	3.000000	4.000000	3.000000	3.000000	4.000000	2.000000	3.000000	2.000000	1.000000	2.000000	4.000000	3.000000	2.000000
sub-101	2.000000	4.000000	2.000000	2.000000	2.000000	2.000000	2.000000	2.000000	2.000000	2.000000	2.000000	2.000000	3.000000
sub-102	2.000000	3.000000	2.000000	2.000000	3.000000	1.000000	3.000000	2.000000	1.000000	2.000000	3.000000	2.000000	3.000000
sub-103	3.000000	2.000000	1.000000	3.000000	3.000000	3.000000	3.000000	1.000000	1.000000	3.000000	3.000000	4.000000	4.000000
sub-104	2.000000	3.000000	3.000000	2.000000	3.000000	3.000000	2.000000	1.000000	3.000000	2.000000	3.000000	2.000000	3.000000
sub-105	4.000000	4.000000	4.000000	4.000000	4.000000	4.000000	4.000000	4.000000	4.000000	4.000000	4.000000	4.000000	4.000000
sub-106	3.000000	3.000000	1.000000	4.000000	4.000000	2.000000	3.000000	1.000000	1.000000	1.000000	4.000000	3.000000	4.000000
sub-107	4.000000	4.000000	2.000000	4.000000	3.000000	2.000000	4.000000	1.000000	1.000000	2.000000	3.000000	4.000000	3.000000
sub-108	4.000000	4.000000	1.000000	3.000000	1.000000	2.000000	4.000000	1.000000	1.000000	2.000000	4.000000	4.000000	2.000000
sub-109	3.000000	1.000000	3.000000	4.000000	3.000000	1.000000	2.000000	1.000000	3.000000	3.000000	2.000000	1.000000	3.000000
sub-110	2.000000	1.000000	3.000000	2.000000	2.000000	4.000000	2.000000	3.000000	2.000000	4.000000	2.000000	2.000000	1.000000
sub-111	2.000000	3.000000	2.000000	2.000000	1.000000	2.000000	3.000000	2.000000	1.000000	2.000000	3.000000	1.000000	1.000000
sub-112	4.000000	4.000000	1.000000	1.000000	4.000000	1.000000	4.000000	1.000000	2.000000	1.000000	4.000000	4.000000	3.000000
sub-113	4.000000	3.000000	4.000000	3.000000	4.000000	2.000000	4.000000	3.000000	2.000000	3.000000	3.000000	4.000000	4.000000
sub-114	4.000000	4.000000	2.000000	3.000000	3.000000	3.000000	2.000000	1.000000	1.000000	2.000000	4.000000	3.000000	3.000000
sub-115	4.000000	4.000000	2.000000	4.000000	2.000000	2.000000	4.000000	1.000000	1.000000	1.000000	4.000000	4.000000	4.000000
sub-116	4.000000	2.000000	2.000000	3.000000	3.000000	2.000000	3.000000	1.000000	4.000000	3.000000	3.000000	4.000000	3.000000
sub-117	2.000000	2.000000	2.000000	3.000000	1.000000	3.000000	4.000000	2.000000	2.000000	3.000000	2.000000	3.000000	2.000000
sub-118	3.000000	3.000000	1.000000	3.000000	2.000000	1.000000	3.000000	1.000000	1.000000	2.000000	3.000000	3.000000	3.000000
sub-119	2.000000	2.000000	3.000000	1.000000	1.000000	2.000000	2.000000	2.000000	2.000000	3.000000	3.000000	3.000000	3.000000
sub-120	3.000000	3.000000	2.000000	2.000000	4.000000	2.000000	4.000000	2.000000	2.000000	2.000000	3.000000	3.000000	4.000000
sub-121	1.000000	2.000000	3.000000	4.000000	3.000000	2.000000	3.000000	2.000000	1.000000	3.000000	3.000000	2.000000	4.000000
sub-122	3.000000	3.000000	3.000000	3.000000	3.000000	2.000000	3.000000	2.000000	1.000000	2.000000	1.000000	1.000000	2.000000
sub-123	3.000000	2.000000	1.000000	3.000000	3.000000	2.000000	4.000000	1.000000	2.000000	2.000000	4.000000	4.000000	4.000000
sub-124	4.000000	4.000000	2.000000	3.000000	4.000000	1.000000	4.000000	2.000000	2.000000	2.000000	4.000000	4.000000	3.000000
sub-125	4.000000	4.000000	2.000000	4.000000	4.000000	1.000000	4.000000	2.000000	2.000000	1.000000	4.000000	4.000000	3.000000
sub-126	3.000000	3.000000	2.000000	2.000000	2.000000	2.000000	2.000000	3.000000	2.000000	2.000000	2.000000	2.000000	2.000000
sub-127	3.000000	2.000000	2.000000	2.000000	1.000000	4.000000	2.000000	4.000000	2.000000	3.000000	2.000000	2.000000	3.000000
sub-128	3.000000	3.000000	2.000000	1.000000	3.000000	4.000000	1.000000	3.000000	4.000000	3.000000	2.000000	3.000000	2.000000
sub-129	3.000000	3.000000	3.000000	3.000000	3.000000	2.000000	3.000000	2.000000	2.000000	2.000000	2.000000	2.000000	3.000000
sub-130	1.000000	2.000000	3.000000	2.000000	2.000000	1.000000	2.000000	3.000000	4.000000	3.000000	3.000000	2.000000	1.000000
sub-131	2.000000	1.000000	2.000000	2.000000	2.000000	1.000000	3.000000	2.000000	1.000000	1.000000	2.000000	2.000000	2.000000
sub-132	3.000000	3.000000	2.000000	2.000000	2.000000	1.000000	3.000000	2.000000	2.000000	2.000000	3.000000	3.000000	3.000000
sub-133	4.000000	4.000000	1.000000	3.000000	4.000000	2.000000	3.000000	2.000000	2.000000	2.000000	4.000000	4.000000	4.000000
sub-134	3.000000	2.000000	2.000000	3.000000	3.000000	2.000000	3.000000	2.000000	1.000000	3.000000	3.000000	3.000000	3.000000
sub-135	4.000000	4.000000	2.000000	1.000000	4.000000	2.000000	3.000000	3.000000	2.000000	3.000000	4.000000	3.000000	4.000000
sub-136	3.000000	4.000000	2.000000	3.000000	2.000000	2.000000	3.000000	2.000000	2.000000	1.000000	3.000000	3.000000	3.000000
sub-137	3.000000	3.000000	1.000000	2.000000	2.000000	2.000000	3.000000	1.000000	1.000000	2.000000	4.000000	3.000000	3.000000
sub-138	3.000000	4.000000	2.000000	2.000000	1.000000	2.000000	3.000000	3.000000	1.000000	2.000000	4.000000	3.000000	4.000000
sub-139	2.000000	3.000000	2.000000	3.000000	2.000000	3.000000	2.000000	3.000000	2.000000	3.000000	2.000000	3.000000	2.000000
sub-140	2.000000	2.000000	2.000000	1.000000	3.000000	2.000000	1.000000	1.000000	1.000000	1.000000	2.000000	2.000000	3.000000
sub-141	3.000000	4.000000	2.000000	3.000000	3.000000	2.000000	3.000000	2.000000	2.000000	2.000000	3.000000	3.000000	3.000000
sub-142	2.000000	4.000000	2.000000	2.000000	2.000000	4.000000	2.000000	3.000000	3.000000	3.000000	2.000000	3.000000	3.000000
sub-143	2.000000	3.000000	1.000000	3.000000	4.000000	2.000000	4.000000	1.000000	2.000000	3.000000	4.000000	3.000000	4.000000
sub-144	3.000000	4.000000	3.000000	3.000000	4.000000	2.000000	2.000000	2.000000	3.000000	2.000000	3.000000	4.000000	2.000000
sub-145	3.000000	2.000000	1.000000	2.000000	1.000000	2.000000	2.000000	1.000000	2.000000	2.000000	2.000000	3.000000	2.000000
sub-146	2.000000	2.000000	3.000000	1.000000	2.000000	4.000000	1.000000	4.000000	3.000000	3.000000	2.000000	2.000000	1.000000
sub-147	1.000000	2.000000	2.000000	2.000000	3.000000	1.000000	2.000000	2.000000	3.000000	3.000000	4.000000	4.000000	2.000000
sub-148	4.000000	4.000000	1.000000	4.000000	4.000000	1.000000	4.000000	1.000000	1.000000	2.000000	4.000000	4.000000	4.000000
sub-149	3.000000	4.000000	2.000000	1.000000	3.000000	1.000000	3.000000	2.000000	2.000000	1.000000	4.000000	2.000000	4.000000
sub-150	4.000000	3.000000	1.000000	4.000000	2.000000	1.000000	3.000000	1.000000	1.000000	2.000000	4.000000	4.000000	3.000000
sub-151	4.000000	4.000000	3.000000	4.000000	4.000000	2.000000	3.000000	2.000000	2.000000	2.000000	4.000000	3.000000	2.000000
sub-152	3.000000	4.000000	2.000000	2.000000	3.000000	2.000000	3.000000	1.000000	2.000000	1.000000	2.000000	2.000000	3.000000
sub-153	3.000000	3.000000	3.000000	2.000000	3.000000	3.000000	2.000000	3.000000	1.000000	3.000000	3.000000	2.000000	3.000000
sub-154	3.000000	2.000000	1.000000	3.000000	4.000000	2.000000	3.000000	2.000000	2.000000	2.000000	4.000000	4.000000	3.000000
sub-155	2.000000	1.000000	3.000000	1.000000	1.000000	3.000000	2.000000	4.000000	4.000000	3.000000	1.000000	3.000000	1.000000
sub-156	4.000000	4.000000	1.000000	3.000000	3.000000	1.000000	3.000000	2.000000	2.000000	2.000000	3.000000	3.000000	3.000000
sub-157	4.000000	4.000000	1.000000	3.000000	3.000000	1.000000	3.000000	3.000000	1.000000	1.000000	3.000000	3.000000	3.000000
sub-158	3.000000	4.000000	1.000000	2.000000	2.000000	1.000000	4.000000	1.000000	1.000000	2.000000	2.000000	2.000000	2.000000
sub-159	4.000000	2.000000	1.000000	3.000000	3.000000	1.000000	4.000000	1.000000	1.000000	1.000000	4.000000	4.000000	4.000000
sub-160	3.000000	3.000000	1.000000	2.000000	1.000000	1.000000	4.000000	1.000000	2.000000	1.000000	2.000000	3.000000	2.000000
sub-161	2.000000	2.000000	3.000000	2.000000	2.000000	1.000000	2.000000	2.000000	2.000000	2.000000	2.000000	2.000000	1.000000
sub-162	4.000000	2.000000	1.000000	2.000000	2.000000	1.000000	4.000000	1.000000	1.000000	1.000000	2.000000	3.000000	2.000000
sub-163	4.000000	3.000000	1.000000	3.000000	3.000000	1.000000	4.000000	1.000000	1.000000	1.000000	4.000000	4.000000	4.000000
sub-164	3.000000	3.000000	2.000000	3.000000	1.000000	1.000000	3.000000	1.000000	2.000000	2.000000	2.000000	2.000000	2.000000
sub-165	3.000000	4.000000	2.000000	3.000000	3.000000	2.000000	3.000000	3.000000	2.000000	3.000000	3.000000	4.000000	3.000000
sub-166	3.000000	3.000000	3.000000	3.000000	3.000000	1.000000	3.000000	1.000000	1.000000	1.000000	3.000000	3.000000	3.000000
sub-167	3.000000	3.000000	2.000000	2.000000	2.000000	2.000000	2.000000	1.000000	2.000000	2.000000	3.000000	2.000000	2.000000
sub-168	3.000000	2.000000	4.000000	3.000000	4.000000	1.000000	3.000000	2.000000	2.000000	3.000000	4.000000	2.000000	3.000000
sub-169	3.000000	2.000000	2.000000	1.000000	1.000000	2.000000	3.000000	2.000000	3.000000	1.000000	3.000000	3.000000	2.000000
sub-170	3.000000	4.000000	1.000000	2.000000	4.000000	1.000000	3.000000	2.000000	1.000000	1.000000	4.000000	3.000000	3.000000
sub-171	2.000000	3.000000	3.000000	2.000000	2.000000	3.000000	3.000000	2.000000	2.000000	2.000000	2.000000	2.000000	2.000000
sub-172	2.000000	2.000000	2.000000	3.000000	2.000000	2.000000	3.000000	1.000000	2.000000	3.000000	2.000000	2.000000	3.000000
sub-173	2.000000	3.000000	3.000000	1.000000	1.000000	2.000000	3.000000	2.000000	2.000000	2.000000	2.000000	3.000000	1.000000
sub-174	4.000000	4.000000	1.000000	4.000000	3.000000	2.000000	4.000000	2.000000	2.000000	1.000000	4.000000	3.000000	2.000000
sub-175	3.000000	3.000000	1.000000	2.000000	1.000000	2.000000	3.000000	2.000000	2.000000	2.000000	3.000000	1.000000	1.000000
sub-176	3.000000	2.000000	1.000000	3.000000	2.000000	2.000000	3.000000	3.000000	1.000000	2.000000	3.000000	3.000000	2.000000
sub-177	4.000000	3.000000	1.000000	3.000000	2.000000	1.000000	4.000000	3.000000	1.000000	2.000000	4.000000	3.000000	3.000000
sub-178	3.000000	3.000000	1.000000	4.000000	3.000000	1.000000	2.000000	1.000000	1.000000	1.000000	3.000000	4.000000	4.000000
sub-179	3.000000	1.000000	3.000000	2.000000	2.000000	2.000000	2.000000	2.000000	1.000000	2.000000	1.000000	3.000000	2.000000
sub-180	4.000000	4.000000	1.000000	3.000000	3.000000	1.000000	4.000000	1.000000	1.000000	1.000000	4.000000	4.000000	4.000000
sub-181	3.000000	2.000000	1.000000	3.000000	1.000000	1.000000	3.000000	1.000000	2.000000	2.000000	3.000000	3.000000	3.000000
sub-182	4.000000	3.000000	2.000000	4.000000	4.000000	1.000000	4.000000	1.000000	1.000000	1.000000	4.000000	4.000000	4.000000
sub-183	3.000000	3.000000	1.000000	2.000000	1.000000	1.000000	3.000000	1.000000	2.000000	1.000000	3.000000	3.000000	2.000000
sub-184	3.000000	4.000000	1.000000	3.000000	3.000000	1.000000	3.000000	2.000000	2.000000	2.000000	3.000000	3.000000	3.000000
sub-185	3.000000	3.000000	2.000000	2.000000	3.000000	2.000000	4.000000	2.000000	2.000000	2.000000	3.000000	2.000000	1.000000
sub-186	3.000000	3.000000	4.000000	3.000000	3.000000	2.000000	4.000000	3.000000	3.000000	2.000000	3.000000	3.000000	3.000000
sub-187	3.000000	2.000000	3.000000	1.000000	2.000000	4.000000	2.000000	4.000000	3.000000	3.000000	2.000000	2.000000	3.000000
sub-188	3.000000	3.000000	2.000000	3.000000	3.000000	3.000000	3.000000	2.000000	2.000000	2.000000	3.000000	3.000000	3.000000
sub-189	4.000000	4.000000	2.000000	3.000000	2.000000	1.000000	4.000000	2.000000	1.000000	2.000000	4.000000	4.000000	4.000000
sub-190	3.000000	3.000000	4.000000	4.000000	4.000000	3.000000	4.000000	3.000000	1.000000	3.000000	3.000000	3.000000	3.000000
sub-191	4.000000	3.000000	1.000000	4.000000	4.000000	1.000000	4.000000	2.000000	1.000000	1.000000	3.000000	3.000000	3.000000
sub-192	2.000000	2.000000	1.000000	2.000000	2.000000	1.000000	3.000000	1.000000	1.000000	1.000000	2.000000	2.000000	2.000000
sub-193	4.000000	2.000000	2.000000	2.000000	1.000000	2.000000	4.000000	2.000000	2.000000	2.000000	4.000000	3.000000	1.000000
sub-194	3.000000	3.000000	2.000000	1.000000	1.000000	2.000000	3.000000	2.000000	4.000000	2.000000	4.000000	4.000000	2.000000
sub-195	4.000000	2.000000	1.000000	2.000000	1.000000	2.000000	2.000000	2.000000	1.000000	2.000000	3.000000	3.000000	2.000000
sub-196	4.000000	2.000000	1.000000	1.000000	3.000000	1.000000	4.000000	2.000000	3.000000	1.000000	4.000000	4.000000	4.000000
sub-197	3.000000	1.000000	3.000000	1.000000	1.000000	3.000000	2.000000	2.000000	1.000000	2.000000	1.000000	1.000000	1.000000
sub-198	4.000000	3.000000	1.000000	3.000000	3.000000	1.000000	3.000000	1.000000	1.000000	1.000000	3.000000	3.000000	3.000000
sub-199	2.000000	3.000000	1.000000	3.000000	2.000000	1.000000	3.000000	2.000000	1.000000	1.000000	2.000000	2.000000	2.000000
sub-200	4.000000	4.000000	2.000000	4.000000	4.000000	2.000000	3.000000	2.000000	3.000000	2.000000	4.000000	4.000000	4.000000
sub-201	4.000000	1.000000	2.000000	1.000000	2.000000	2.000000	4.000000	2.000000	3.000000	1.000000	2.000000	2.000000	1.000000
sub-202	4.000000	4.000000	1.000000	3.000000	3.000000	1.000000	4.000000	1.000000	1.000000	1.000000	4.000000	4.000000	3.000000
sub-203	3.000000	3.000000	2.000000	2.000000	1.000000	3.000000	2.000000	2.000000	4.000000	2.000000	4.000000	3.000000	3.000000
sub-204	4.000000	3.000000	2.000000	4.000000	4.000000	3.000000	4.000000	2.000000	1.000000	2.000000	3.000000	4.000000	4.000000
sub-205	4.000000	4.000000	4.000000	4.000000	4.000000	4.000000	4.000000	4.000000	4.000000	4.000000	4.000000	4.000000	4.000000
sub-206	3.000000	4.000000	2.000000	1.000000	3.000000	2.000000	2.000000	2.000000	2.000000	2.000000	2.000000	4.000000	4.000000
sub-207	3.000000	4.000000	2.000000	2.000000	3.000000	2.000000	3.000000	2.000000	3.000000	2.000000	4.000000	4.000000	4.000000
sub-208	3.000000	4.000000	2.000000	2.000000	3.000000	2.000000	3.000000	2.000000	3.000000	2.000000	4.000000	4.000000	4.000000
sub-209	4.000000	2.000000	1.000000	3.000000	2.000000	1.000000	3.000000	1.000000	1.000000	1.000000	3.000000	4.000000	4.000000
sub-210	3.000000	1.000000	3.000000	2.000000	2.000000	3.000000	3.000000	3.000000	1.000000	3.000000	1.000000	3.000000	2.000000
sub-211	1.000000	2.000000	3.000000	2.000000	3.000000	1.000000	1.000000	3.000000	3.000000	1.000000	2.000000	3.000000	2.000000
sub-212	3.000000	3.000000	2.000000	3.000000	3.000000	2.000000	3.000000	2.000000	2.000000	2.000000	3.000000	3.000000	3.000000
sub-213	4.000000	3.000000	2.000000	3.000000	3.000000	2.000000	3.000000	4.000000	1.000000	2.000000	2.000000	3.000000	2.000000
sub-214	3.000000	3.000000	1.000000	2.000000	2.000000	1.000000	3.000000	2.000000	1.000000	1.000000	3.000000	3.000000	3.000000
sub-215	1.000000	1.000000	2.000000	2.000000	1.000000	1.000000	1.000000	1.000000	2.000000	1.000000	1.000000	1.000000	1.000000
sub-216	2.000000	2.000000	4.000000	1.000000	1.000000	4.000000	4.000000	4.000000	4.000000	4.000000	2.000000	3.000000	1.000000
sub-217	3.000000	4.000000	1.000000	3.000000	4.000000	1.000000	4.000000	1.000000	1.000000	1.000000	4.000000	3.000000	3.000000
sub-218	3.000000	2.000000	3.000000	2.000000	1.000000	4.000000	2.000000	3.000000	2.000000	4.000000	2.000000	2.000000	2.000000
sub-219	3.000000	2.000000	4.000000	3.000000	3.000000	4.000000	3.000000	4.000000	3.000000	4.000000	2.000000	2.000000	3.000000
sub-220	1.000000	3.000000	1.000000	3.000000	1.000000	3.000000	1.000000	2.000000	4.000000	1.000000	2.000000	1.000000	2.000000
sub-221	2.000000	2.000000	4.000000	2.000000	1.000000	4.000000	2.000000	4.000000	4.000000	4.000000	1.000000	2.000000	2.000000
sub-222	3.000000	2.000000	2.000000	2.000000	4.000000	3.000000	2.000000	3.000000	2.000000	3.000000	3.000000	2.000000	4.000000
sub-223	4.000000	4.000000	1.000000	4.000000	1.000000	2.000000	3.000000	2.000000	4.000000	2.000000	2.000000	2.000000	2.000000
sub-224	3.000000	4.000000	3.000000	3.000000	4.000000	2.000000	2.000000	1.000000	2.000000	1.000000	3.000000	3.000000	2.000000
sub-225	3.000000	4.000000	2.000000	4.000000	4.000000	1.000000	4.000000	1.000000	1.000000	2.000000	4.000000	4.000000	4.000000
sub-226	4.000000	4.000000	2.000000	2.000000	4.000000	1.000000	4.000000	2.000000	1.000000	1.000000	4.000000	4.000000	4.000000
sub-227	2.000000	2.000000	3.000000	2.000000	3.000000	4.000000	2.000000	4.000000	4.000000	4.000000	2.000000	2.000000	2.000000
sub-228	3.000000	2.000000	2.000000	3.000000	3.000000	2.000000	3.000000	2.000000	2.000000	1.000000	2.000000	3.000000	3.000000
sub-229	3.000000	1.000000	4.000000	3.000000	2.000000	3.000000	1.000000	4.000000	4.000000	4.000000	1.000000	2.000000	1.000000
sub-230	4.000000	3.000000	1.000000	2.000000	2.000000	2.000000	3.000000	2.000000	1.000000	2.000000	3.000000	4.000000	3.000000
sub-231	2.000000	3.000000	2.000000	2.000000	1.000000	2.000000	2.000000	2.000000	2.000000	2.000000	2.000000	2.000000	2.000000
sub-232	2.000000	3.000000	2.000000	3.000000	1.000000	2.000000	2.000000	3.000000	2.000000	2.000000	2.000000	2.000000	2.000000
sub-233	4.000000	4.000000	1.000000	4.000000	4.000000	2.000000	4.000000	2.000000	1.000000	2.000000	4.000000	3.000000	4.000000
sub-234	3.000000	2.000000	2.000000	3.000000	3.000000	2.000000	3.000000	2.000000	2.000000	2.000000	3.000000	3.000000	2.000000
sub-235	3.000000	4.000000	3.000000	3.000000	3.000000	1.000000	3.000000	3.000000	1.000000	4.000000	3.000000	3.000000	3.000000
sub-236	3.000000	3.000000	2.000000	1.000000	1.000000	2.000000	3.000000	3.000000	2.000000	2.000000	3.000000	2.000000	2.000000
sub-237	3.000000	3.000000	2.000000	2.000000	2.000000	2.000000	2.000000	3.000000	3.000000	3.000000	2.000000	2.000000	2.000000
sub-238	4.000000	3.000000	1.000000	3.000000	4.000000	1.000000	4.000000	1.000000	1.000000	1.000000	4.000000	4.000000	4.000000
sub-239	4.000000	4.000000	4.000000	4.000000	4.000000	4.000000	4.000000	4.000000	4.000000	4.000000	4.000000	4.000000	4.000000
sub-240	3.000000	2.000000	3.000000	3.000000	1.000000	3.000000	3.000000	2.000000	2.000000	3.000000	3.000000	3.000000	3.000000
sub-241	3.000000	4.000000	3.000000	3.000000	3.000000	4.000000	4.000000	3.000000	3.000000	4.000000	3.000000	4.000000	3.000000
sub-242	3.000000	3.000000	2.000000	4.000000	2.000000	1.000000	3.000000	1.000000	1.000000	2.000000	3.000000	3.000000	3.000000
sub-243	4.000000	3.000000	3.000000	4.000000	3.000000	2.000000	3.000000	3.000000	1.000000	2.000000	3.000000	3.000000	3.000000
sub-244	4.000000	4.000000	1.000000	4.000000	4.000000	1.000000	4.000000	2.000000	1.000000	1.000000	4.000000	4.000000	4.000000
sub-245	4.000000	4.000000	2.000000	4.000000	4.000000	2.000000	4.000000	2.000000	1.000000	2.000000	4.000000	4.000000	4.000000
sub-246	3.000000	2.000000	2.000000	2.000000	3.000000	3.000000	2.000000	3.000000	2.000000	3.000000	4.000000	2.000000	3.000000
sub-247	3.000000	3.000000	2.000000	1.000000	2.000000	2.000000	3.000000	3.000000	3.000000	2.000000	3.000000	1.000000	2.000000
sub-248	3.000000	2.000000	1.000000	1.000000	2.000000	1.000000	2.000000	2.000000	2.000000	1.000000	2.000000	2.000000	3.000000
sub-249	4.000000	3.000000	1.000000	4.000000	3.000000	2.000000	4.000000	1.000000	1.000000	2.000000	3.000000	4.000000	3.000000
sub-250	2.000000	3.000000	3.000000	2.000000	1.000000	3.000000	2.000000	3.000000	3.000000	3.000000	2.000000	2.000000	2.000000
sub-251	3.000000	3.000000	3.000000	3.000000	3.000000	3.000000	3.000000	3.000000	3.000000	3.000000	3.000000	3.000000	3.000000
sub-252	4.000000	4.000000	1.000000	3.000000	4.000000	1.000000	3.000000	1.000000	2.000000	1.000000	4.000000	4.000000	4.000000
sub-253	2.000000	1.000000	2.000000	3.000000	2.000000	4.000000	2.000000	1.000000	1.000000	4.000000	2.000000	3.000000	1.000000
sub-254	3.000000	3.000000	2.000000	3.000000	3.000000	1.000000	3.000000	2.000000	1.000000	1.000000	3.000000	3.000000	3.000000
sub-255	2.000000	2.000000	4.000000	4.000000	2.000000	2.000000	3.000000	1.000000	1.000000	2.000000	3.000000	2.000000	3.000000
sub-256	3.000000	2.000000	2.000000	2.000000	1.000000	2.000000	3.000000	3.000000	4.000000	2.000000	3.000000	3.000000	1.000000
sub-257	1.000000	2.000000	2.000000	3.000000	1.000000	3.000000	1.000000	1.000000	2.000000	2.000000	4.000000	3.000000	3.000000
sub-258	4.000000	3.000000	1.000000	2.000000	2.000000	2.000000	4.000000	1.000000	2.000000	2.000000	3.000000	3.000000	3.000000
sub-259	3.000000	2.000000	3.000000	3.000000	3.000000	2.000000	3.000000	2.000000	3.000000	2.000000	4.000000	2.000000	3.000000
sub-260	3.000000	3.000000	2.000000	2.000000	2.000000	1.000000	3.000000	2.000000	1.000000	1.000000	3.000000	2.000000	2.000000
sub-261	2.000000	2.000000	3.000000	1.000000	1.000000	3.000000	2.000000	3.000000	2.000000	3.000000	1.000000	2.000000	2.000000
sub-262	4.000000	1.000000	3.000000	2.000000	1.000000	3.000000	3.000000	3.000000	1.000000	3.000000	1.000000	2.000000	3.000000
sub-263	3.000000	2.000000	2.000000	2.000000	3.000000	2.000000	3.000000	2.000000	2.000000	2.000000	3.000000	2.000000	2.000000
sub-264	2.000000	1.000000	3.000000	1.000000	3.000000	3.000000	1.000000	1.000000	4.000000	4.000000	1.000000	3.000000	4.000000
sub-265	2.000000	2.000000	2.000000	1.000000	1.000000	1.000000	4.000000	2.000000	1.000000	1.000000	2.000000	2.000000	3.000000
sub-266	4.000000	4.000000	1.000000	4.000000	4.000000	2.000000	4.000000	2.000000	2.000000	2.000000	4.000000	4.000000	4.000000
sub-267	4.000000	4.000000	4.000000	4.000000	4.000000	4.000000	2.000000	3.000000	2.000000	2.000000	3.000000	2.000000	2.000000
sub-268	2.000000	2.000000	4.000000	4.000000	4.000000	2.000000	2.000000	2.000000	2.000000	2.000000	4.000000	4.000000	4.000000
sub-269	3.000000	3.000000	1.000000	3.000000	2.000000	2.000000	3.000000	2.000000	2.000000	2.000000	3.000000	3.000000	3.000000
sub-270	2.000000	2.000000	2.000000	1.000000	1.000000	2.000000	2.000000	2.000000	2.000000	2.000000	2.000000	2.000000	2.000000
sub-271	4.000000	4.000000	1.000000	3.000000	3.000000	1.000000	4.000000	1.000000	1.000000	1.000000	3.000000	3.000000	3.000000
sub-272	3.000000	3.000000	1.000000	2.000000	3.000000	1.000000	2.000000	1.000000	2.000000	1.000000	3.000000	2.000000	3.000000
sub-273	4.000000	3.000000	3.000000	3.000000	3.000000	2.000000	4.000000	3.000000	2.000000	2.000000	3.000000	4.000000	4.000000
sub-274	4.000000	4.000000	1.000000	4.000000	1.000000	1.000000	4.000000	1.000000	1.000000	1.000000	4.000000	4.000000	4.000000
sub-275	4.000000	1.000000	1.000000	1.000000	1.000000	3.000000	2.000000	2.000000	1.000000	2.000000	2.000000	3.000000	2.000000
sub-276	4.000000	4.000000	1.000000	4.000000	4.000000	4.000000	4.000000	4.000000	1.000000	2.000000	2.000000	4.000000	4.000000
sub-277	4.000000	2.000000	4.000000	2.000000	3.000000	3.000000	3.000000	4.000000	3.000000	3.000000	3.000000	3.000000	3.000000
sub-278	3.000000	1.000000	2.000000	2.000000	3.000000	1.000000	2.000000	3.000000	3.000000	2.000000	3.000000	2.000000	2.000000
sub-279	1.000000	3.000000	2.000000	1.000000	2.000000	2.000000	1.000000	2.000000	2.000000	2.000000	1.000000	2.000000	2.000000
sub-280	3.000000	3.000000	2.000000	2.000000	2.000000	3.000000	2.000000	2.000000	2.000000	3.000000	2.000000	3.000000	2.000000
sub-281	2.000000	3.000000	3.000000	3.000000	3.000000	2.000000	3.000000	2.000000	1.000000	2.000000	3.000000	3.000000	3.000000
sub-282	3.000000	4.000000	2.000000	2.000000	4.000000	2.000000	4.000000	1.000000	2.000000	2.000000	4.000000	4.000000	4.000000
sub-283	2.000000	1.000000	2.000000	3.000000	2.000000	2.000000	3.000000	2.000000	2.000000	2.000000	2.000000	2.000000	1.000000
sub-284	3.000000	3.000000	4.000000	4.000000	3.000000	3.000000	3.000000	4.000000	1.000000	4.000000	3.000000	3.000000	3.000000
sub-285	3.000000	1.000000	2.000000	1.000000	1.000000	4.000000	1.000000	1.000000	1.000000	4.000000	1.000000	1.000000	1.000000
sub-286	2.000000	2.000000	2.000000	2.000000	2.000000	2.000000	2.000000	2.000000	2.000000	2.000000	2.000000	2.000000	2.000000
sub-287	4.000000	3.000000	1.000000	4.000000	4.000000	1.000000	4.000000	1.000000	1.000000	1.000000	4.000000	4.000000	3.000000
sub-288	2.000000	2.000000	3.000000	2.000000	2.000000	3.000000	2.000000	3.000000	1.000000	3.000000	3.000000	2.000000	3.000000
sub-289	3.000000	3.000000	1.000000	3.000000	4.000000	2.000000	4.000000	2.000000	1.000000	2.000000	4.000000	4.000000	4.000000
sub-290	4.000000	3.000000	3.000000	3.000000	4.000000	3.000000	3.000000	3.000000	3.000000	3.000000	3.000000	4.000000	4.000000
sub-291	2.000000	4.000000	2.000000	2.000000	2.000000	1.000000	4.000000	2.000000	1.000000	1.000000	4.000000	4.000000	4.000000
sub-292	3.000000	4.000000	1.000000	2.000000	2.000000	2.000000	4.000000	2.000000	2.000000	2.000000	3.000000	3.000000	3.000000
sub-293	3.000000	1.000000	2.000000	2.000000	1.000000	3.000000	2.000000	3.000000	3.000000	3.000000	2.000000	2.000000	2.000000
sub-294	3.000000	3.000000	2.000000	2.000000	2.000000	2.000000	3.000000	2.000000	2.000000	2.000000	3.000000	3.000000	3.000000
sub-295	2.000000	3.000000	1.000000	3.000000	4.000000	1.000000	3.000000	2.000000	2.000000	2.000000	3.000000	3.000000	3.000000
sub-296	3.000000	3.000000	2.000000	3.000000	2.000000	2.000000	2.000000	2.000000	2.000000	2.000000	3.000000	3.000000	3.000000
sub-297	2.000000	2.000000	1.000000	2.000000	2.000000	1.000000	2.000000	2.000000	2.000000	1.000000	2.000000	2.000000	2.000000
sub-298	2.000000	1.000000	4.000000	2.000000	1.000000	4.000000	2.000000	3.000000	2.000000	3.000000	1.000000	2.000000	3.000000
sub-299	2.000000	3.000000	3.000000	2.000000	2.000000	3.000000	2.000000	3.000000	3.000000	3.000000	2.000000	2.000000	2.000000
sub-300	2.000000	4.000000	2.000000	1.000000	1.000000	2.000000	1.000000	3.000000	2.000000	3.000000	3.000000	2.000000	4.000000
sub-301	3.000000	2.000000	4.000000	2.000000	3.000000	3.000000	3.000000	4.000000	2.000000	3.000000	3.000000	2.000000	3.000000
sub-302	4.000000	3.000000	1.000000	3.000000	2.000000	1.000000	4.000000	1.000000	1.000000	1.000000	4.000000	4.000000	4.000000
sub-303	3.000000	2.000000	3.000000	2.000000	2.000000	2.000000	2.000000	2.000000	2.000000	2.000000	2.000000	2.000000	2.000000
sub-304	2.000000	3.000000	1.000000	3.000000	3.000000	4.000000	3.000000	2.000000	1.000000	3.000000	2.000000	3.000000	4.000000
sub-305	3.000000	3.000000	2.000000	3.000000	3.000000	1.000000	3.000000	2.000000	2.000000	2.000000	3.000000	3.000000	3.000000
sub-306	3.000000	2.000000	2.000000	1.000000	2.000000	3.000000	3.000000	2.000000	2.000000	2.000000	3.000000	2.000000	2.000000
sub-307	2.000000	2.000000	2.000000	2.000000	2.000000	2.000000	2.000000	2.000000	2.000000	2.000000	1.000000	1.000000	4.000000
sub-308	3.000000	3.000000	2.000000	3.000000	2.000000	2.000000	3.000000	2.000000	2.000000	2.000000	2.000000	3.000000	2.000000
sub-309	4.000000	3.000000	1.000000	3.000000	4.000000	1.000000	3.000000	2.000000	1.000000	1.000000	4.000000	3.000000	3.000000
sub-310	4.000000	4.000000	2.000000	1.000000	4.000000	2.000000	2.000000	2.000000	3.000000	2.000000	4.000000	2.000000	4.000000
sub-311	4.000000	3.000000	1.000000	2.000000	4.000000	2.000000	4.000000	2.000000	1.000000	1.000000	4.000000	3.000000	2.000000
sub-312	2.000000	2.000000	3.000000	2.000000	1.000000	3.000000	2.000000	3.000000	3.000000	3.000000	2.000000	2.000000	2.000000
sub-313	3.000000	4.000000	2.000000	4.000000	4.000000	3.000000	3.000000	3.000000	1.000000	3.000000	4.000000	4.000000	4.000000
sub-314	4.000000	4.000000	2.000000	3.000000	3.000000	3.000000	4.000000	1.000000	1.000000	2.000000	3.000000	4.000000	4.000000
sub-315	4.000000	4.000000	1.000000	4.000000	4.000000	1.000000	3.000000	1.000000	1.000000	1.000000	4.000000	4.000000	4.000000
sub-316	4.000000	4.000000	1.000000	4.000000	4.000000	1.000000	4.000000	1.000000	4.000000	1.000000	4.000000	4.000000	4.000000
sub-317	2.000000	2.000000	2.000000	2.000000	2.000000	3.000000	2.000000	1.000000	1.000000	2.000000	3.000000	2.000000	2.000000
sub-318	2.000000	2.000000	3.000000	1.000000	1.000000	3.000000	2.000000	3.000000	3.000000	3.000000	2.000000	1.000000	1.000000
sub-319	3.000000	1.000000	4.000000	2.000000	4.000000	3.000000	1.000000	4.000000	3.000000	1.000000	2.000000	3.000000	1.000000
sub-320	2.000000	2.000000	1.000000	2.000000	2.000000	1.000000	2.000000	2.000000	1.000000	1.000000	2.000000	2.000000	2.000000
sub-321	3.000000	3.000000	2.000000	3.000000	3.000000	2.000000	3.000000	2.000000	2.000000	2.000000	3.000000	3.000000	3.000000
sub-322	4.000000	3.000000	1.000000	4.000000	3.000000	2.000000	3.000000	2.000000	1.000000	2.000000	3.000000	3.000000	3.000000
sub-323	2.000000	3.000000	2.000000	3.000000	4.000000	3.000000	3.000000	4.000000	2.000000	4.000000	3.000000	2.000000	3.000000
sub-324	4.000000	4.000000	1.000000	2.000000	1.000000	1.000000	2.000000	3.000000	2.000000	2.000000	4.000000	4.000000	1.000000
sub-325	3.000000	3.000000	2.000000	2.000000	3.000000	2.000000	3.000000	2.000000	2.000000	2.000000	3.000000	3.000000	3.000000
sub-326	3.000000	2.000000	1.000000	1.000000	2.000000	1.000000	3.000000	1.000000	2.000000	1.000000	2.000000	2.000000	3.000000
sub-327	3.000000	3.000000	1.000000	4.000000	4.000000	2.000000	3.000000	2.000000	2.000000	2.000000	4.000000	3.000000	3.000000
sub-328	3.000000	3.000000	2.000000	3.000000	1.000000	2.000000	3.000000	2.000000	3.000000	2.000000	3.000000	2.000000	2.000000
sub-329	2.000000	2.000000	2.000000	2.000000	3.000000	4.000000	3.000000	3.000000	1.000000	3.000000	3.000000	3.000000	3.000000
sub-330	3.000000	3.000000	1.000000	2.000000	3.000000	2.000000	3.000000	2.000000	2.000000	2.000000	3.000000	3.000000	2.000000
sub-331	4.000000	4.000000	2.000000	2.000000	4.000000	1.000000	4.000000	2.000000	2.000000	1.000000	4.000000	4.000000	3.000000
sub-332	4.000000	4.000000	2.000000	4.000000	4.000000	1.000000	4.000000	4.000000	1.000000	1.000000	4.000000	4.000000	4.000000
sub-333	2.000000	2.000000	2.000000	1.000000	2.000000	2.000000	4.000000	4.000000	4.000000	2.000000	4.000000	4.000000	2.000000
sub-334	3.000000	2.000000	3.000000	3.000000	2.000000	2.000000	3.000000	2.000000	2.000000	2.000000	2.000000	3.000000	2.000000
sub-335	2.000000	1.000000	2.000000	2.000000	1.000000	2.000000	3.000000	1.000000	1.000000	2.000000	2.000000	3.000000	2.000000
sub-336	2.000000	4.000000	2.000000	3.000000	3.000000	2.000000	2.000000	2.000000	2.000000	2.000000	2.000000	2.000000	2.000000
sub-337	3.000000	3.000000	2.000000	4.000000	3.000000	2.000000	4.000000	2.000000	1.000000	2.000000	3.000000	3.000000	4.000000
sub-338	4.000000	4.000000	1.000000	3.000000	4.000000	1.000000	3.000000	1.000000	4.000000	1.000000	4.000000	4.000000	4.000000
sub-339	3.000000	3.000000	2.000000	4.000000	2.000000	3.000000	4.000000	2.000000	2.000000	2.000000	3.000000	3.000000	3.000000
sub-340	3.000000	3.000000	3.000000	3.000000	3.000000	2.000000	3.000000	3.000000	2.000000	3.000000	3.000000	3.000000	3.000000
sub-341	4.000000	4.000000	1.000000	2.000000	2.000000	4.000000	3.000000	3.000000	1.000000	3.000000	3.000000	4.000000	4.000000
sub-342	4.000000	4.000000	2.000000	2.000000	3.000000	2.000000	3.000000	2.000000	1.000000	2.000000	3.000000	2.000000	2.000000
sub-343	1.000000	1.000000	2.000000	1.000000	1.000000	2.000000	1.000000	2.000000	1.000000	2.000000	1.000000	3.000000	1.000000
sub-344	3.000000	4.000000	1.000000	3.000000	4.000000	1.000000	3.000000	1.000000	1.000000	2.000000	3.000000	3.000000	3.000000
sub-345	3.000000	1.000000	2.000000	2.000000	2.000000	2.000000	3.000000	1.000000	2.000000	2.000000	3.000000	3.000000	2.000000
sub-346	4.000000	4.000000	4.000000	3.000000	4.000000	2.000000	4.000000	2.000000	1.000000	2.000000	4.000000	4.000000	4.000000
sub-347	4.000000	3.000000	2.000000	3.000000	2.000000	4.000000	3.000000	1.000000	1.000000	3.000000	3.000000	4.000000	3.000000
sub-348	4.000000	2.000000	2.000000	3.000000	3.000000	2.000000	3.000000	1.000000	1.000000	2.000000	3.000000	3.000000	4.000000
sub-349	2.000000	3.000000	3.000000	1.000000	1.000000	4.000000	2.000000	4.000000	3.000000	2.000000	3.000000	2.000000	3.000000
sub-350	4.000000	3.000000	2.000000	3.000000	2.000000	3.000000	3.000000	2.000000	2.000000	3.000000	3.000000	4.000000	3.000000
sub-351	2.000000	1.000000	3.000000	2.000000	2.000000	3.000000	1.000000	4.000000	2.000000	3.000000	2.000000	2.000000	1.000000
sub-352	4.000000	4.000000	1.000000	2.000000	3.000000	1.000000	4.000000	1.000000	2.000000	1.000000	3.000000	4.000000	3.000000
sub-353	4.000000	4.000000	1.000000	4.000000	4.000000	3.000000	4.000000	1.000000	1.000000	3.000000	4.000000	4.000000	4.000000
sub-354	4.000000	4.000000	2.000000	4.000000	4.000000	2.000000	4.000000	1.000000	1.000000	1.000000	4.000000	4.000000	4.000000
sub-355	4.000000	4.000000	2.000000	3.000000	2.000000	1.000000	4.000000	2.000000	2.000000	1.000000	4.000000	4.000000	4.000000
sub-356	4.000000	3.000000	2.000000	2.000000	3.000000	2.000000	4.000000	1.000000	2.000000	2.000000	2.000000	2.000000	3.000000
sub-357	3.000000	4.000000	2.000000	3.000000	3.000000	2.000000	3.000000	1.000000	1.000000	2.000000	3.000000	3.000000	3.000000
sub-358	3.000000	2.000000	3.000000	1.000000	2.000000	1.000000	3.000000	1.000000	3.000000	4.000000	2.000000	3.000000	1.000000
sub-359	4.000000	2.000000	3.000000	2.000000	1.000000	2.000000	3.000000	3.000000	3.000000	3.000000	2.000000	3.000000	3.000000
sub-360	4.000000	4.000000	1.000000	3.000000	4.000000	1.000000	4.000000	1.000000	1.000000	1.000000	4.000000	4.000000	4.000000
